order_id,customer_id,product_id,quantity,amount,order_date,updated_at
1,31,17,2,408.44,2026-03-22,2026-03-22
2,39,30,4,191.8,2026-06-15,2026-06-15
3,2,30,3,838.26,2026-01-19,2026-01-19
4,10,35,5,1497.75,2026-01-26,2026-01-26
5,45,5,2,313.42,2026-02-03,2026-02-03
6,57,35,2,234.32,2026-02-10,2026-02-10
7,68,1,3,562.17,2026-06-17,2026-06-17
8,14,9,5,484.1,2026-06-19,2026-06-19
9,96,36,3,130.41,2026-01-28,2026-01-28
10,27,46,2,177.96,2026-06-04,2026-06-04
11,34,33,3,207.12,2026-06-12,2026-06-12
12,12,41,4,331.32,2026-01-14,2026-01-14
13,1,22,4,1002.04,2026-01-12,2026-01-12
14,21,48,2,389.52,2026-03-09,2026-03-09
15,72,1,4,679.96,2026-04-20,2026-04-20
16,20,35,1,31.82,2026-06-26,2026-06-26
17,71,10,1,252.03,2026-05-30,2026-05-30
18,47,3,4,187.84,2026-03-20,2026-03-20
19,86,7,3,212.76,2026-03-05,2026-03-05
20,80,48,3,708.69,2026-04-15,2026-04-15
21,21,12,2,556.94,2026-03-02,2026-03-02
22,53,43,4,68.76,2026-03-27,2026-03-27
23,14,25,2,174.74,2026-06-29,2026-06-29
24,26,30,1,258.99,2026-02-26,2026-02-26
25,29,2,3,295.53,2026-02-28,2026-02-28
26,9,50,2,251.12,2026-03-13,2026-03-13
27,52,44,3,335.49,2026-05-11,2026-05-11
28,15,17,5,530.15,2026-01-08,2026-01-08
29,5,7,2,356.74,2026-03-09,2026-03-09
30,56,39,5,680.1,2026-03-22,2026-03-22
31,25,17,5,217.7,2026-05-28,2026-05-28
32,67,35,1,215.55,2026-01-01,2026-01-01
33,86,22,2,231.24,2026-01-18,2026-01-18
34,93,20,5,505.2,2026-02-01,2026-02-01
35,42,26,5,498.45,2026-04-15,2026-04-15
36,54,43,3,512.34,2026-02-19,2026-02-19
37,79,37,4,825.68,2026-02-14,2026-02-14
38,39,19,3,383.28,2026-01-01,2026-01-01
39,78,42,2,269.34,2026-05-29,2026-05-29
40,87,14,3,434.55,2026-04-24,2026-04-24
41,85,6,5,736.1,2026-02-13,2026-02-13
42,80,22,3,478.44,2026-06-12,2026-06-12
43,87,20,1,247.34,2026-03-02,2026-03-02
44,4,3,2,487.8,2026-02-07,2026-02-07
45,99,5,2,590.68,2026-06-06,2026-06-06
46,74,13,4,520.76,2026-06-11,2026-06-11
47,19,42,4,613.48,2026-03-04,2026-03-04
48,100,28,1,268.87,2026-01-28,2026-01-28
49,67,30,2,122.02,2026-06-28,2026-06-28
50,59,9,1,171.65,2026-02-01,2026-02-01
51,77,21,4,814.4,2026-05-24,2026-05-24
52,55,36,4,750.68,2026-05-10,2026-05-10
53,58,17,4,1080.76,2026-05-02,2026-05-02
54,99,50,2,507.12,2026-03-12,2026-03-12
55,36,29,5,752.65,2026-03-03,2026-03-03
56,35,22,1,216.93,2026-03-02,2026-03-02
57,18,10,3,806.94,2026-01-21,2026-01-21
58,91,14,2,242.16,2026-02-09,2026-02-09
59,70,30,1,130.31,2026-03-26,2026-03-26
60,50,50,4,112.24,2026-04-18,2026-04-18
61,98,37,5,1421.8,2026-01-06,2026-01-06
62,39,49,4,593.28,2026-04-01,2026-04-01
63,69,48,4,1030.0,2026-04-18,2026-04-18
64,63,15,5,1209.8,2026-02-26,2026-02-26
65,50,22,3,409.17,2026-01-08,2026-01-08
66,17,40,4,880.04,2026-04-30,2026-04-30
67,76,37,5,89.1,2026-04-11,2026-04-11
68,18,30,1,34.34,2026-04-20,2026-04-20
69,42,14,2,49.16,2026-04-08,2026-04-08
70,36,49,4,419.16,2026-04-08,2026-04-08
71,61,2,4,332.64,2026-01-21,2026-01-21
72,29,42,5,125.5,2026-03-31,2026-03-31
73,6,49,1,236.56,2026-06-16,2026-06-16
74,3,40,1,285.39,2026-02-21,2026-02-21
75,86,8,2,158.36,2026-05-02,2026-05-02
76,90,17,5,1424.25,2026-04-30,2026-04-30
77,96,46,3,175.98,2026-06-05,2026-06-05
78,40,7,1,235.56,2026-02-11,2026-02-11
79,74,44,5,87.25,2026-03-21,2026-03-21
80,10,38,4,500.12,2026-02-20,2026-02-20
81,88,39,2,79.1,2026-03-19,2026-03-19
82,6,23,1,240.91,2026-05-25,2026-05-25
83,9,33,5,671.15,2026-04-05,2026-04-05
84,63,7,3,41.01,2026-04-18,2026-04-18
85,59,46,4,1154.52,2026-06-12,2026-06-12
86,84,18,2,272.58,2026-05-14,2026-05-14
87,100,31,5,1221.9,2026-05-18,2026-05-18
88,35,21,4,545.28,2026-06-01,2026-06-01
89,36,29,2,501.82,2026-01-23,2026-01-23
90,79,43,2,455.28,2026-05-26,2026-05-26
91,42,12,4,430.24,2026-05-07,2026-05-07
92,44,18,4,286.04,2026-03-08,2026-03-08
93,72,1,5,1066.7,2026-03-12,2026-03-12
94,31,47,5,1424.7,2026-01-22,2026-01-22
95,89,31,4,606.76,2026-03-03,2026-03-03
96,12,19,4,559.88,2026-01-05,2026-01-05
97,40,43,2,254.56,2026-03-04,2026-03-04
98,68,23,5,585.1,2026-05-22,2026-05-22
99,43,23,4,1196.08,2026-05-21,2026-05-21
100,30,8,4,354.28,2026-03-06,2026-03-06
101,98,45,2,203.02,2026-05-18,2026-05-18
102,36,47,2,131.1,2026-05-04,2026-05-04
103,77,19,5,1466.1,2026-05-15,2026-05-15
104,30,24,1,251.46,2026-03-17,2026-03-17
105,17,18,2,195.32,2026-05-17,2026-05-17
106,38,45,1,292.55,2026-05-22,2026-05-22
107,14,1,2,389.96,2026-05-06,2026-05-06
108,57,22,5,462.3,2026-05-03,2026-05-03
109,62,8,2,579.98,2026-03-06,2026-03-06
110,74,41,1,126.21,2026-01-19,2026-01-19
111,39,6,1,54.0,2026-05-25,2026-05-25
112,78,39,2,88.7,2026-04-17,2026-04-17
113,49,29,5,377.25,2026-05-14,2026-05-14
114,55,20,4,384.92,2026-05-31,2026-05-31
115,95,7,5,950.5,2026-06-06,2026-06-06
116,85,6,2,382.8,2026-03-09,2026-03-09
117,10,11,2,159.12,2026-05-22,2026-05-22
118,77,31,1,128.47,2026-06-26,2026-06-26
119,91,19,3,58.41,2026-03-15,2026-03-15
120,34,41,4,122.56,2026-03-01,2026-03-01
121,55,8,5,1008.7,2026-02-20,2026-02-20
122,35,10,5,375.95,2026-02-08,2026-02-08
123,77,48,1,27.3,2026-03-20,2026-03-20
124,16,30,5,1385.75,2026-04-23,2026-04-23
125,65,35,3,638.76,2026-03-11,2026-03-11
126,6,28,4,547.8,2026-06-03,2026-06-03
127,12,15,3,555.24,2026-01-07,2026-01-07
128,98,44,5,901.35,2026-01-06,2026-01-06
129,61,34,3,531.33,2026-02-14,2026-02-14
130,75,28,4,1102.64,2026-02-16,2026-02-16
131,45,27,4,1164.12,2026-05-01,2026-05-01
132,21,22,3,309.33,2026-01-27,2026-01-27
133,85,26,4,844.68,2026-03-15,2026-03-15
134,41,17,5,103.2,2026-01-23,2026-01-23
135,66,1,3,130.86,2026-04-14,2026-04-14
136,25,34,5,719.85,2026-01-14,2026-01-14
137,81,29,3,571.68,2026-05-08,2026-05-08
138,17,19,1,69.03,2026-05-21,2026-05-21
139,16,2,4,1061.8,2026-05-05,2026-05-05
140,40,36,5,1209.0,2026-02-10,2026-02-10
141,29,8,1,170.15,2026-01-24,2026-01-24
142,20,32,4,1138.6,2026-06-15,2026-06-15
143,54,31,3,472.71,2026-03-11,2026-03-11
144,19,25,4,322.72,2026-05-22,2026-05-22
145,96,9,2,554.68,2026-05-11,2026-05-11
146,44,33,1,90.11,2026-04-17,2026-04-17
147,93,20,3,743.88,2026-03-14,2026-03-14
148,63,10,5,890.9,2026-06-18,2026-06-18
149,43,36,4,664.76,2026-03-30,2026-03-30
150,25,45,5,596.95,2026-03-24,2026-03-24
151,100,27,2,351.64,2026-03-01,2026-03-01
152,91,25,1,102.27,2026-05-02,2026-05-02
153,20,32,4,1186.56,2026-06-16,2026-06-16
154,43,7,1,46.61,2026-06-01,2026-06-01
155,2,47,4,155.68,2026-04-27,2026-04-27
156,20,5,2,257.78,2026-06-17,2026-06-17
157,44,40,4,946.56,2026-03-09,2026-03-09
158,87,35,4,793.8,2026-03-26,2026-03-26
159,92,49,4,1146.8,2026-06-10,2026-06-10
160,80,5,4,1051.96,2026-01-10,2026-01-10
161,30,48,2,386.08,2026-03-15,2026-03-15
162,98,41,1,135.85,2026-01-26,2026-01-26
163,39,2,1,138.67,2026-06-27,2026-06-27
164,38,23,1,104.07,2026-01-15,2026-01-15
165,68,27,3,404.7,2026-03-04,2026-03-04
166,22,12,5,1038.6,2026-02-16,2026-02-16
167,80,44,1,186.75,2026-04-08,2026-04-08
168,19,15,2,308.64,2026-05-30,2026-05-30
169,33,43,4,779.96,2026-04-28,2026-04-28
170,37,44,1,270.68,2026-04-30,2026-04-30
171,45,38,5,279.05,2026-04-24,2026-04-24
172,89,17,3,585.87,2026-04-19,2026-04-19
173,50,31,4,1020.56,2026-02-20,2026-02-20
174,46,37,1,78.79,2026-05-27,2026-05-27
175,3,43,3,893.64,2026-03-17,2026-03-17
176,88,50,4,358.4,2026-05-25,2026-05-25
177,37,50,1,274.08,2026-05-08,2026-05-08
178,29,41,2,372.1,2026-04-01,2026-04-01
179,97,47,2,380.12,2026-06-23,2026-06-23
180,83,3,2,384.38,2026-06-10,2026-06-10
181,75,24,3,716.1,2026-01-09,2026-01-09
182,42,48,2,72.28,2026-03-17,2026-03-17
183,70,24,4,243.76,2026-02-03,2026-02-03
184,22,17,5,777.6,2026-03-11,2026-03-11
185,96,22,4,1162.16,2026-03-17,2026-03-17
186,19,49,1,145.82,2026-01-20,2026-01-20
187,51,36,2,518.88,2026-06-22,2026-06-22
188,2,17,3,108.57,2026-04-12,2026-04-12
189,87,48,5,229.2,2026-04-05,2026-04-05
190,48,7,3,538.56,2026-06-13,2026-06-13
191,72,21,2,293.46,2026-06-08,2026-06-08
192,82,30,5,371.0,2026-01-17,2026-01-17
193,18,3,3,594.84,2026-01-30,2026-01-30
194,15,7,1,98.27,2026-05-07,2026-05-07
195,50,30,2,534.62,2026-02-04,2026-02-04
196,70,27,3,613.32,2026-06-28,2026-06-28
197,54,42,5,1126.3,2026-02-09,2026-02-09
198,53,18,1,251.77,2026-06-07,2026-06-07
199,57,29,1,210.18,2026-02-25,2026-02-25
200,88,24,2,516.16,2026-01-26,2026-01-26
201,46,4,5,1357.45,2026-06-15,2026-06-15
202,59,6,4,360.04,2026-02-01,2026-02-01
203,3,4,2,392.18,2026-06-02,2026-06-02
204,73,14,3,241.89,2026-02-02,2026-02-02
205,27,38,1,250.65,2026-05-22,2026-05-22
206,43,50,2,491.58,2026-03-01,2026-03-01
207,1,18,2,477.42,2026-06-02,2026-06-02
208,33,12,2,592.76,2026-05-19,2026-05-19
209,17,1,1,201.71,2026-01-07,2026-01-07
210,76,21,3,717.3,2026-03-02,2026-03-02
211,17,48,1,60.53,2026-01-14,2026-01-14
212,61,29,4,650.24,2026-01-17,2026-01-17
213,58,33,3,476.52,2026-01-28,2026-01-28
214,94,43,2,568.34,2026-01-12,2026-01-12
215,4,4,5,487.35,2026-06-14,2026-06-14
216,88,7,4,1022.88,2026-04-20,2026-04-20
217,10,6,4,866.4,2026-04-24,2026-04-24
218,17,18,3,559.23,2026-01-17,2026-01-17
219,92,21,5,967.95,2026-05-21,2026-05-21
220,38,30,4,1193.76,2026-05-16,2026-05-16
221,90,8,5,927.85,2026-01-26,2026-01-26
222,56,29,5,1095.2,2026-02-25,2026-02-25
223,52,27,2,260.02,2026-04-27,2026-04-27
224,86,17,1,100.64,2026-03-22,2026-03-22
225,61,5,3,859.62,2026-06-25,2026-06-25
226,56,7,1,251.21,2026-01-24,2026-01-24
227,8,38,3,736.23,2026-05-23,2026-05-23
228,16,27,5,864.45,2026-06-21,2026-06-21
229,93,4,3,790.05,2026-04-19,2026-04-19
230,14,37,3,552.36,2026-04-01,2026-04-01
231,62,15,5,358.45,2026-06-18,2026-06-18
232,48,8,1,111.53,2026-05-23,2026-05-23
233,72,50,3,529.47,2026-04-20,2026-04-20
234,72,2,5,939.7,2026-06-14,2026-06-14
235,35,2,5,1397.15,2026-06-27,2026-06-27
236,44,23,2,178.5,2026-03-21,2026-03-21
237,73,43,1,62.61,2026-02-06,2026-02-06
238,4,6,4,120.72,2026-06-12,2026-06-12
239,59,22,5,361.95,2026-04-18,2026-04-18
240,100,37,2,234.64,2026-03-25,2026-03-25
241,20,11,5,173.2,2026-01-14,2026-01-14
242,35,29,5,122.15,2026-01-21,2026-01-21
243,54,18,4,603.36,2026-04-24,2026-04-24
244,45,28,2,457.86,2026-01-30,2026-01-30
245,76,32,1,92.14,2026-06-23,2026-06-23
246,29,26,5,1017.35,2026-01-12,2026-01-12
247,39,14,5,129.45,2026-02-22,2026-02-22
248,42,8,2,463.22,2026-03-16,2026-03-16
249,23,9,1,154.24,2026-04-21,2026-04-21
250,65,36,4,657.8,2026-02-28,2026-02-28
251,56,2,3,92.7,2026-01-11,2026-01-11
252,74,28,4,1108.56,2026-03-22,2026-03-22
253,54,19,5,636.4,2026-06-13,2026-06-13
254,22,40,1,127.46,2026-03-25,2026-03-25
255,12,28,4,1005.16,2026-04-03,2026-04-03
256,52,34,1,80.56,2026-05-31,2026-05-31
257,96,22,1,124.77,2026-03-21,2026-03-21
258,10,33,2,213.18,2026-02-13,2026-02-13
259,100,23,1,163.88,2026-02-19,2026-02-19
260,19,16,3,662.82,2026-06-15,2026-06-15
261,23,39,1,52.47,2026-02-20,2026-02-20
262,10,12,2,460.92,2026-06-17,2026-06-17
263,98,38,4,578.2,2026-05-25,2026-05-25
264,83,41,4,830.12,2026-05-25,2026-05-25
265,41,10,5,518.65,2026-06-10,2026-06-10
266,81,20,4,119.2,2026-04-24,2026-04-24
267,65,5,3,544.53,2026-04-01,2026-04-01
268,8,24,3,431.73,2026-01-10,2026-01-10
269,79,39,3,96.75,2026-01-24,2026-01-24
270,71,48,5,607.5,2026-05-29,2026-05-29
271,84,13,1,140.42,2026-05-27,2026-05-27
272,20,4,3,556.35,2026-05-09,2026-05-09
273,92,6,4,160.08,2026-03-29,2026-03-29
274,32,46,5,986.9,2026-01-11,2026-01-11
275,67,40,4,1189.56,2026-05-15,2026-05-15
276,50,27,2,231.06,2026-03-14,2026-03-14
277,81,42,3,620.64,2026-01-14,2026-01-14
278,72,44,3,87.33,2026-01-25,2026-01-25
279,78,10,4,369.6,2026-06-18,2026-06-18
280,19,23,3,100.92,2026-06-19,2026-06-19
281,85,26,3,871.89,2026-06-28,2026-06-28
282,40,36,2,365.12,2026-01-22,2026-01-22
283,17,43,4,786.44,2026-03-26,2026-03-26
284,55,33,5,185.5,2026-06-21,2026-06-21
285,24,14,3,45.87,2026-03-21,2026-03-21
286,25,15,3,854.46,2026-05-05,2026-05-05
287,13,33,2,109.86,2026-03-17,2026-03-17
288,5,43,5,1260.9,2026-05-15,2026-05-15
289,17,39,3,792.45,2026-06-08,2026-06-08
290,89,50,4,218.92,2026-02-16,2026-02-16
291,93,29,5,1223.1,2026-02-12,2026-02-12
292,93,16,1,129.15,2026-06-23,2026-06-23
293,30,35,4,748.28,2026-04-25,2026-04-25
294,25,24,2,199.5,2026-05-01,2026-05-01
295,99,19,5,1477.45,2026-04-29,2026-04-29
296,21,13,4,623.36,2026-04-18,2026-04-18
297,7,42,5,250.7,2026-03-06,2026-03-06
298,14,46,4,1053.96,2026-05-22,2026-05-22
299,11,49,5,1284.2,2026-03-14,2026-03-14
300,19,28,2,178.22,2026-05-12,2026-05-12
301,58,23,1,284.46,2026-02-26,2026-02-26
302,65,24,1,130.32,2026-04-12,2026-04-12
303,48,15,2,243.98,2026-01-21,2026-01-21
304,92,42,1,102.42,2026-01-26,2026-01-26
305,5,19,3,718.5,2026-02-05,2026-02-05
306,98,46,4,847.44,2026-02-05,2026-02-05
307,11,2,4,560.36,2026-01-02,2026-01-02
308,71,47,3,217.62,2026-02-08,2026-02-08
309,100,19,5,815.25,2026-01-29,2026-01-29
310,31,27,2,194.66,2026-01-13,2026-01-13
311,64,39,5,712.8,2026-01-29,2026-01-29
312,74,16,5,73.85,2026-05-12,2026-05-12
313,79,23,2,188.94,2026-01-01,2026-01-01
314,86,43,2,350.98,2026-02-17,2026-02-17
315,9,34,1,161.81,2026-04-03,2026-04-03
316,71,2,5,785.65,2026-05-10,2026-05-10
317,82,25,4,1053.08,2026-01-12,2026-01-12
318,46,5,3,250.68,2026-01-05,2026-01-05
319,81,7,3,239.79,2026-06-18,2026-06-18
320,18,3,5,1116.0,2026-03-27,2026-03-27
321,23,50,3,505.02,2026-06-14,2026-06-14
322,81,12,4,1177.76,2026-05-03,2026-05-03
323,5,19,2,56.6,2026-04-28,2026-04-28
324,6,21,2,45.4,2026-02-21,2026-02-21
325,61,17,3,478.38,2026-05-20,2026-05-20
326,37,23,1,228.45,2026-02-18,2026-02-18
327,35,8,1,261.08,2026-03-26,2026-03-26
328,96,29,3,410.16,2026-04-13,2026-04-13
329,64,45,4,433.28,2026-02-17,2026-02-17
330,35,6,4,466.12,2026-05-13,2026-05-13
331,24,35,4,131.56,2026-06-04,2026-06-04
332,42,43,3,309.45,2026-01-21,2026-01-21
333,92,28,3,296.64,2026-06-04,2026-06-04
334,58,3,2,420.06,2026-03-31,2026-03-31
335,36,41,3,564.93,2026-04-22,2026-04-22
336,52,24,1,31.76,2026-06-13,2026-06-13
337,21,2,5,1211.6,2026-06-23,2026-06-23
338,57,3,2,512.22,2026-06-23,2026-06-23
339,47,24,2,59.0,2026-06-15,2026-06-15
340,78,10,4,1141.4,2026-01-09,2026-01-09
341,57,49,4,1140.64,2026-04-06,2026-04-06
342,47,26,1,176.44,2026-05-16,2026-05-16
343,15,2,3,595.11,2026-03-05,2026-03-05
344,72,8,2,309.44,2026-04-10,2026-04-10
345,58,14,3,704.22,2026-06-30,2026-06-30
346,26,8,5,464.1,2026-05-06,2026-05-06
347,23,46,2,514.64,2026-04-26,2026-04-26
348,41,43,4,1196.84,2026-06-24,2026-06-24
349,70,19,3,647.31,2026-05-21,2026-05-21
350,82,12,3,770.67,2026-06-29,2026-06-29
351,26,9,3,472.62,2026-02-01,2026-02-01
352,47,36,2,478.42,2026-01-07,2026-01-07
353,17,40,5,584.9,2026-05-22,2026-05-22
354,92,47,1,29.07,2026-04-12,2026-04-12
355,74,5,4,649.8,2026-04-15,2026-04-15
356,10,29,2,583.98,2026-06-14,2026-06-14
357,17,50,4,828.92,2026-03-30,2026-03-30
358,99,9,5,977.7,2026-02-16,2026-02-16
359,16,34,4,623.32,2026-01-15,2026-01-15
360,42,46,2,196.4,2026-02-11,2026-02-11
361,37,6,2,220.7,2026-05-13,2026-05-13
362,36,9,3,200.79,2026-05-22,2026-05-22
363,65,42,3,564.54,2026-01-24,2026-01-24
364,20,11,2,363.24,2026-05-29,2026-05-29
365,44,37,5,1094.9,2026-06-04,2026-06-04
366,11,3,1,249.32,2026-01-08,2026-01-08
367,99,37,5,433.75,2026-02-23,2026-02-23
368,64,41,4,757.0,2026-01-08,2026-01-08
369,62,16,5,470.0,2026-03-19,2026-03-19
370,89,4,4,385.04,2026-01-19,2026-01-19
371,60,14,2,274.98,2026-05-04,2026-05-04
372,92,21,3,557.79,2026-03-22,2026-03-22
373,98,24,3,878.58,2026-02-03,2026-02-03
374,31,30,5,864.4,2026-03-23,2026-03-23
375,19,7,1,87.57,2026-03-05,2026-03-05
376,79,27,1,94.16,2026-04-09,2026-04-09
377,42,37,2,578.36,2026-02-10,2026-02-10
378,64,33,3,195.15,2026-02-10,2026-02-10
379,64,2,4,618.56,2026-03-20,2026-03-20
380,59,16,1,284.12,2026-05-10,2026-05-10
381,7,19,2,358.34,2026-01-13,2026-01-13
382,87,31,4,733.12,2026-06-17,2026-06-17
383,56,9,3,496.92,2026-01-28,2026-01-28
384,47,3,3,662.94,2026-04-14,2026-04-14
385,25,24,4,99.36,2026-05-24,2026-05-24
386,65,29,5,468.45,2026-04-09,2026-04-09
387,88,40,5,455.6,2026-06-09,2026-06-09
388,51,24,1,47.31,2026-01-25,2026-01-25
389,97,10,3,515.31,2026-04-04,2026-04-04
390,65,3,2,369.42,2026-04-13,2026-04-13
391,61,34,1,21.29,2026-03-27,2026-03-27
392,18,21,4,212.76,2026-05-12,2026-05-12
393,79,48,5,511.85,2026-04-11,2026-04-11
394,66,35,3,546.54,2026-05-10,2026-05-10
395,61,2,4,862.12,2026-03-18,2026-03-18
396,54,38,3,318.18,2026-01-29,2026-01-29
397,81,2,3,723.18,2026-06-26,2026-06-26
398,100,38,5,738.15,2026-06-17,2026-06-17
399,75,31,5,379.95,2026-01-14,2026-01-14
400,100,25,2,324.06,2026-06-08,2026-06-08
401,5,37,2,496.56,2026-03-04,2026-03-04
402,41,27,1,65.33,2026-04-23,2026-04-23
403,53,33,2,259.52,2026-02-22,2026-02-22
404,91,9,5,1384.75,2026-01-16,2026-01-16
405,85,31,5,350.65,2026-03-25,2026-03-25
406,59,35,5,596.4,2026-02-14,2026-02-14
407,99,47,3,505.26,2026-06-23,2026-06-23
408,32,18,3,560.76,2026-02-19,2026-02-19
409,99,19,5,482.8,2026-03-18,2026-03-18
410,41,31,2,420.34,2026-05-06,2026-05-06
411,37,8,3,517.62,2026-03-12,2026-03-12
412,51,23,5,1031.1,2026-04-08,2026-04-08
413,92,6,2,188.46,2026-03-15,2026-03-15
414,33,48,3,833.88,2026-06-17,2026-06-17
415,35,36,4,288.24,2026-05-18,2026-05-18
416,95,38,3,149.43,2026-06-07,2026-06-07
417,68,15,2,160.62,2026-06-21,2026-06-21
418,43,46,2,50.44,2026-04-16,2026-04-16
419,1,36,4,156.64,2026-02-05,2026-02-05
420,62,42,2,256.0,2026-05-02,2026-05-02
421,42,19,2,458.42,2026-03-15,2026-03-15
422,84,37,1,273.3,2026-01-23,2026-01-23
423,23,27,2,330.38,2026-01-10,2026-01-10
424,51,32,2,561.68,2026-01-10,2026-01-10
425,5,1,2,563.24,2026-03-16,2026-03-16
426,43,19,3,524.13,2026-01-28,2026-01-28
427,68,32,4,1187.36,2026-05-20,2026-05-20
428,35,13,2,513.62,2026-04-30,2026-04-30
429,83,17,1,105.9,2026-04-28,2026-04-28
430,38,37,2,28.16,2026-03-28,2026-03-28
431,52,28,2,121.78,2026-06-13,2026-06-13
432,86,7,5,525.5,2026-04-13,2026-04-13
433,42,16,2,589.38,2026-05-03,2026-05-03
434,58,49,1,85.63,2026-03-02,2026-03-02
435,75,47,3,860.01,2026-03-19,2026-03-19
436,47,45,5,66.6,2026-06-17,2026-06-17
437,60,20,2,56.04,2026-01-31,2026-01-31
438,91,50,2,255.14,2026-05-09,2026-05-09
439,38,24,3,630.54,2026-06-13,2026-06-13
440,62,10,5,370.25,2026-02-04,2026-02-04
441,48,27,4,907.36,2026-06-05,2026-06-05
442,86,14,5,1373.55,2026-05-18,2026-05-18
443,11,34,2,414.6,2026-06-02,2026-06-02
444,10,37,4,652.68,2026-04-03,2026-04-03
445,65,13,1,27.91,2026-05-21,2026-05-21
446,42,34,5,828.15,2026-02-12,2026-02-12
447,92,38,4,174.84,2026-02-22,2026-02-22
448,58,4,4,145.48,2026-05-11,2026-05-11
449,59,37,4,193.04,2026-04-17,2026-04-17
450,40,47,1,172.05,2026-06-22,2026-06-22
451,96,14,1,124.83,2026-01-01,2026-01-01
452,45,45,5,155.9,2026-04-19,2026-04-19
453,9,31,1,166.94,2026-01-16,2026-01-16
454,99,9,1,93.26,2026-02-16,2026-02-16
455,58,25,4,474.36,2026-04-08,2026-04-08
456,70,9,4,133.08,2026-06-19,2026-06-19
457,51,34,3,133.2,2026-05-18,2026-05-18
458,1,49,2,442.16,2026-02-27,2026-02-27
459,87,47,1,293.76,2026-04-29,2026-04-29
460,30,16,5,665.0,2026-04-08,2026-04-08
461,25,47,4,441.56,2026-03-12,2026-03-12
462,54,40,1,19.34,2026-06-19,2026-06-19
463,13,39,1,79.79,2026-01-18,2026-01-18
464,91,4,1,139.47,2026-06-22,2026-06-22
465,57,15,2,449.52,2026-04-13,2026-04-13
466,18,33,5,365.05,2026-01-15,2026-01-15
467,41,37,3,233.73,2026-05-28,2026-05-28
468,31,20,5,1170.2,2026-03-24,2026-03-24
469,29,27,2,591.7,2026-05-14,2026-05-14
470,76,48,3,269.37,2026-05-23,2026-05-23
471,72,32,2,383.08,2026-04-20,2026-04-20
472,86,25,1,291.96,2026-06-14,2026-06-14
473,53,10,5,512.15,2026-04-17,2026-04-17
474,61,16,3,357.51,2026-05-18,2026-05-18
475,60,4,2,194.42,2026-02-06,2026-02-06
476,72,34,5,648.4,2026-04-17,2026-04-17
477,27,22,2,245.28,2026-03-07,2026-03-07
478,12,35,1,277.45,2026-04-05,2026-04-05
479,87,39,2,49.9,2026-04-07,2026-04-07
480,25,49,5,107.35,2026-01-19,2026-01-19
481,28,31,5,1100.25,2026-05-24,2026-05-24
482,39,1,2,524.3,2026-03-27,2026-03-27
483,96,49,2,563.56,2026-01-31,2026-01-31
484,78,46,4,1100.76,2026-06-28,2026-06-28
485,71,21,2,250.04,2026-03-03,2026-03-03
486,84,23,3,361.17,2026-05-17,2026-05-17
487,64,30,3,257.55,2026-05-12,2026-05-12
488,98,21,1,242.82,2026-05-01,2026-05-01
489,6,37,2,235.0,2026-04-16,2026-04-16
490,34,36,2,449.92,2026-01-05,2026-01-05
491,38,10,5,889.75,2026-04-17,2026-04-17
492,73,16,2,211.32,2026-04-08,2026-04-08
493,44,17,4,678.76,2026-06-25,2026-06-25
494,95,32,4,1161.16,2026-06-14,2026-06-14
495,22,9,4,235.16,2026-04-01,2026-04-01
496,83,4,5,758.05,2026-05-19,2026-05-19
497,86,4,5,99.05,2026-01-20,2026-01-20
498,30,5,1,129.59,2026-06-11,2026-06-11
499,59,24,2,25.3,2026-05-10,2026-05-10
500,79,31,1,189.17,2026-06-20,2026-06-20
501,71,27,4,58.24,2026-05-17,2026-05-17
502,69,19,1,14.85,2026-03-12,2026-03-12
503,87,28,1,155.64,2026-06-28,2026-06-28
504,68,10,2,82.06,2026-01-25,2026-01-25
505,33,23,2,131.32,2026-05-15,2026-05-15
506,48,26,3,721.59,2026-01-21,2026-01-21
507,29,20,4,695.4,2026-06-28,2026-06-28
508,98,3,1,199.58,2026-06-16,2026-06-16
509,71,31,1,127.53,2026-04-07,2026-04-07
510,22,6,1,194.66,2026-06-29,2026-06-29
511,43,37,4,1020.6,2026-06-15,2026-06-15
512,30,14,1,269.49,2026-01-11,2026-01-11
513,10,44,5,739.5,2026-01-12,2026-01-12
514,85,3,3,812.4,2026-05-25,2026-05-25
515,3,14,2,558.68,2026-03-22,2026-03-22
516,10,20,5,259.1,2026-04-12,2026-04-12
517,50,44,2,347.1,2026-05-26,2026-05-26
518,89,47,5,531.0,2026-02-05,2026-02-05
519,7,7,1,155.23,2026-03-30,2026-03-30
520,44,39,4,309.28,2026-01-20,2026-01-20
521,100,21,5,1434.55,2026-04-12,2026-04-12
522,63,15,1,193.9,2026-04-26,2026-04-26
523,56,12,3,511.14,2026-04-07,2026-04-07
524,99,40,5,1007.95,2026-01-22,2026-01-22
525,11,18,3,724.32,2026-01-19,2026-01-19
526,20,48,2,240.4,2026-06-12,2026-06-12
527,12,1,4,407.36,2026-01-28,2026-01-28
528,14,9,3,416.91,2026-03-11,2026-03-11
529,72,36,1,64.34,2026-04-25,2026-04-25
530,12,23,5,641.65,2026-01-07,2026-01-07
531,42,25,5,184.95,2026-06-03,2026-06-03
532,100,6,1,94.64,2026-04-10,2026-04-10
533,74,34,5,1362.55,2026-03-04,2026-03-04
534,18,18,2,417.48,2026-02-13,2026-02-13
535,9,11,3,263.52,2026-02-07,2026-02-07
536,62,5,4,360.12,2026-03-18,2026-03-18
537,93,41,3,248.97,2026-03-05,2026-03-05
538,59,7,4,728.8,2026-02-20,2026-02-20
539,43,40,2,196.7,2026-04-12,2026-04-12
540,57,22,4,972.72,2026-03-26,2026-03-26
541,77,9,4,985.96,2026-06-16,2026-06-16
542,26,31,3,308.97,2026-06-27,2026-06-27
543,41,19,3,184.53,2026-04-12,2026-04-12
544,42,25,4,1162.6,2026-03-04,2026-03-04
545,47,8,3,740.34,2026-04-11,2026-04-11
546,24,44,5,339.7,2026-05-20,2026-05-20
547,91,14,5,89.05,2026-04-29,2026-04-29
548,9,27,4,965.32,2026-06-27,2026-06-27
549,31,17,4,201.44,2026-03-19,2026-03-19
550,10,29,2,434.84,2026-04-07,2026-04-07
551,69,33,5,744.9,2026-04-13,2026-04-13
552,90,35,4,670.64,2026-04-03,2026-04-03
553,14,50,5,975.35,2026-01-22,2026-01-22
554,22,42,2,401.4,2026-04-01,2026-04-01
555,87,42,5,114.25,2026-06-15,2026-06-15
556,56,7,4,1161.52,2026-03-26,2026-03-26
557,66,48,1,38.6,2026-02-26,2026-02-26
558,74,15,5,859.1,2026-06-26,2026-06-26
559,99,44,4,473.96,2026-04-29,2026-04-29
560,45,2,5,1051.15,2026-02-08,2026-02-08
561,11,8,4,161.28,2026-04-17,2026-04-17
562,59,14,2,222.04,2026-03-29,2026-03-29
563,13,29,5,750.25,2026-05-02,2026-05-02
564,6,46,4,409.92,2026-03-18,2026-03-18
565,83,7,1,16.55,2026-03-29,2026-03-29
566,67,12,2,559.36,2026-03-04,2026-03-04
567,55,30,5,282.2,2026-05-24,2026-05-24
568,24,12,2,482.7,2026-06-11,2026-06-11
569,26,29,4,498.88,2026-06-07,2026-06-07
570,91,14,5,672.85,2026-01-02,2026-01-02
571,9,37,2,181.44,2026-06-30,2026-06-30
572,24,24,1,241.86,2026-05-18,2026-05-18
573,34,43,3,201.45,2026-01-30,2026-01-30
574,41,39,4,652.16,2026-06-13,2026-06-13
575,15,23,4,749.12,2026-05-31,2026-05-31
576,23,44,3,765.6,2026-06-08,2026-06-08
577,11,44,3,829.26,2026-06-01,2026-06-01
578,40,8,2,201.64,2026-03-03,2026-03-03
579,66,25,2,236.52,2026-02-06,2026-02-06
580,50,28,4,731.84,2026-05-28,2026-05-28
581,89,42,2,302.26,2026-05-18,2026-05-18
582,37,9,2,341.84,2026-05-06,2026-05-06
583,80,4,2,202.46,2026-04-26,2026-04-26
584,18,13,3,858.09,2026-05-05,2026-05-05
585,84,32,4,1158.04,2026-05-10,2026-05-10
586,91,29,4,834.24,2026-04-17,2026-04-17
587,4,49,4,234.0,2026-05-25,2026-05-25
588,29,35,2,189.42,2026-03-12,2026-03-12
589,73,48,3,176.34,2026-04-28,2026-04-28
590,74,8,4,677.68,2026-01-29,2026-01-29
591,70,49,3,704.34,2026-04-04,2026-04-04
592,70,14,1,230.4,2026-04-23,2026-04-23
593,97,16,4,158.8,2026-06-17,2026-06-17
594,58,17,3,791.07,2026-01-09,2026-01-09
595,57,8,3,780.12,2026-01-23,2026-01-23
596,89,23,2,141.72,2026-05-31,2026-05-31
597,79,9,5,967.5,2026-02-12,2026-02-12
598,73,23,2,491.84,2026-01-16,2026-01-16
599,22,21,5,457.55,2026-05-18,2026-05-18
600,66,44,3,281.73,2026-03-10,2026-03-10
601,8,18,1,49.32,2026-04-16,2026-04-16
602,32,10,2,426.82,2026-02-03,2026-02-03
603,51,32,3,750.78,2026-06-23,2026-06-23
604,81,27,2,354.9,2026-03-10,2026-03-10
605,99,6,4,564.32,2026-06-12,2026-06-12
606,89,24,4,638.12,2026-03-13,2026-03-13
607,75,1,4,1142.28,2026-03-25,2026-03-25
608,82,43,1,221.97,2026-04-28,2026-04-28
609,51,14,3,769.59,2026-05-17,2026-05-17
610,35,21,4,996.84,2026-05-07,2026-05-07
611,17,37,3,323.85,2026-05-28,2026-05-28
612,98,4,4,954.44,2026-06-24,2026-06-24
613,3,8,1,38.88,2026-04-28,2026-04-28
614,55,13,2,275.94,2026-01-01,2026-01-01
615,21,18,2,531.64,2026-03-19,2026-03-19
616,11,24,1,199.83,2026-03-06,2026-03-06
617,40,47,2,50.04,2026-06-10,2026-06-10
618,91,7,2,268.96,2026-01-24,2026-01-24
619,17,38,1,71.89,2026-01-20,2026-01-20
620,2,1,2,321.28,2026-04-24,2026-04-24
621,89,9,3,740.88,2026-04-19,2026-04-19
622,12,47,4,122.16,2026-04-09,2026-04-09
623,39,9,1,39.93,2026-04-05,2026-04-05
624,83,44,4,937.2,2026-02-04,2026-02-04
625,2,40,2,59.68,2026-05-25,2026-05-25
626,81,48,2,275.26,2026-02-24,2026-02-24
627,88,29,2,553.54,2026-06-07,2026-06-07
628,18,49,2,70.28,2026-01-26,2026-01-26
629,45,28,1,180.98,2026-04-09,2026-04-09
630,36,42,3,718.23,2026-03-05,2026-03-05
631,77,47,1,81.97,2026-06-03,2026-06-03
632,4,43,5,463.15,2026-06-26,2026-06-26
633,66,13,3,208.74,2026-06-05,2026-06-05
634,31,32,4,382.84,2026-01-14,2026-01-14
635,82,39,4,170.8,2026-05-08,2026-05-08
636,47,21,1,163.2,2026-01-04,2026-01-04
637,54,24,2,244.36,2026-05-26,2026-05-26
638,99,5,5,1040.25,2026-05-01,2026-05-01
639,34,14,1,180.34,2026-01-04,2026-01-04
640,65,19,1,277.55,2026-04-12,2026-04-12
641,90,26,5,1162.3,2026-04-19,2026-04-19
642,79,10,1,195.76,2026-05-18,2026-05-18
643,66,14,3,102.72,2026-01-21,2026-01-21
644,76,41,2,331.1,2026-04-11,2026-04-11
645,94,16,1,99.95,2026-04-22,2026-04-22
646,15,30,1,80.9,2026-04-22,2026-04-22
647,86,48,5,932.8,2026-03-21,2026-03-21
648,90,1,2,89.28,2026-02-05,2026-02-05
649,67,34,2,307.92,2026-03-30,2026-03-30
650,96,50,3,175.26,2026-02-02,2026-02-02
651,99,2,3,667.65,2026-01-31,2026-01-31
652,68,5,3,732.18,2026-03-11,2026-03-11
653,81,5,3,649.71,2026-05-28,2026-05-28
654,8,32,4,568.04,2026-04-03,2026-04-03
655,33,50,5,292.0,2026-02-10,2026-02-10
656,93,8,1,269.34,2026-06-22,2026-06-22
657,6,1,2,449.66,2026-01-01,2026-01-01
658,50,10,2,46.66,2026-04-04,2026-04-04
659,71,46,2,560.08,2026-01-10,2026-01-10
660,54,47,4,300.44,2026-03-05,2026-03-05
661,74,24,3,265.98,2026-01-20,2026-01-20
662,23,15,1,155.59,2026-01-14,2026-01-14
663,9,30,5,1473.05,2026-04-13,2026-04-13
664,42,6,3,702.96,2026-03-21,2026-03-21
665,26,19,5,712.3,2026-04-05,2026-04-05
666,32,30,5,1187.55,2026-06-09,2026-06-09
667,99,50,3,544.77,2026-05-07,2026-05-07
668,98,16,2,444.82,2026-05-20,2026-05-20
669,4,15,2,23.7,2026-04-15,2026-04-15
670,2,22,5,552.3,2026-06-27,2026-06-27
671,95,47,1,230.09,2026-04-07,2026-04-07
672,31,27,3,120.45,2026-05-16,2026-05-16
673,92,18,4,1154.96,2026-02-06,2026-02-06
674,67,27,1,22.73,2026-03-01,2026-03-01
675,75,7,3,428.85,2026-01-22,2026-01-22
676,10,38,5,243.6,2026-04-11,2026-04-11
677,17,16,5,140.3,2026-06-19,2026-06-19
678,51,45,3,257.07,2026-03-22,2026-03-22
679,30,5,3,306.72,2026-03-11,2026-03-11
680,14,10,2,98.94,2026-05-30,2026-05-30
681,41,27,1,57.67,2026-04-30,2026-04-30
682,58,20,1,165.42,2026-02-23,2026-02-23
683,12,11,4,347.4,2026-01-31,2026-01-31
684,78,3,3,748.95,2026-06-28,2026-06-28
685,19,6,2,504.84,2026-03-25,2026-03-25
686,66,4,2,581.68,2026-04-12,2026-04-12
687,4,26,3,256.35,2026-02-14,2026-02-14
688,32,7,4,684.92,2026-05-21,2026-05-21
689,16,1,4,158.2,2026-02-05,2026-02-05
690,17,13,1,250.81,2026-02-26,2026-02-26
691,83,6,4,471.8,2026-06-11,2026-06-11
692,3,5,5,899.85,2026-01-20,2026-01-20
693,17,6,2,543.44,2026-04-24,2026-04-24
694,7,11,3,136.59,2026-04-29,2026-04-29
695,64,2,5,678.1,2026-04-12,2026-04-12
696,46,14,4,832.52,2026-02-14,2026-02-14
697,20,3,2,179.48,2026-04-25,2026-04-25
698,83,19,5,947.8,2026-03-04,2026-03-04
699,62,4,4,517.92,2026-05-21,2026-05-21
700,54,13,1,91.14,2026-02-05,2026-02-05
701,3,25,5,411.25,2026-05-20,2026-05-20
702,45,37,3,447.33,2026-05-05,2026-05-05
703,24,2,5,516.35,2026-03-11,2026-03-11
704,100,18,3,549.48,2026-01-08,2026-01-08
705,68,23,1,244.51,2026-05-01,2026-05-01
706,13,16,5,1499.45,2026-02-10,2026-02-10
707,98,15,2,174.58,2026-01-15,2026-01-15
708,46,12,5,1277.45,2026-04-10,2026-04-10
709,95,45,2,157.2,2026-03-23,2026-03-23
710,91,45,3,825.15,2026-01-08,2026-01-08
711,19,37,3,854.37,2026-05-25,2026-05-25
712,70,20,2,505.28,2026-05-07,2026-05-07
713,8,15,2,304.46,2026-01-24,2026-01-24
714,62,1,5,367.25,2026-05-15,2026-05-15
715,17,22,3,828.57,2026-02-21,2026-02-21
716,8,2,2,552.9,2026-03-24,2026-03-24
717,100,8,2,360.24,2026-02-06,2026-02-06
718,48,46,5,1297.95,2026-01-19,2026-01-19
719,39,21,4,719.76,2026-03-28,2026-03-28
720,82,32,2,586.0,2026-04-22,2026-04-22
721,89,40,3,181.56,2026-05-24,2026-05-24
722,23,25,3,224.22,2026-05-31,2026-05-31
723,17,12,3,668.58,2026-03-17,2026-03-17
724,51,50,1,285.15,2026-05-27,2026-05-27
725,41,40,5,96.95,2026-06-04,2026-06-04
726,64,10,2,391.0,2026-01-27,2026-01-27
727,45,21,3,678.45,2026-03-02,2026-03-02
728,91,43,2,388.98,2026-01-23,2026-01-23
729,27,16,3,418.56,2026-03-09,2026-03-09
730,93,1,1,111.64,2026-01-28,2026-01-28
731,22,27,1,121.92,2026-04-18,2026-04-18
732,70,25,4,1062.84,2026-03-31,2026-03-31
733,84,49,1,250.35,2026-05-28,2026-05-28
734,5,19,2,114.34,2026-01-19,2026-01-19
735,10,22,1,102.43,2026-01-27,2026-01-27
736,94,5,2,535.0,2026-02-11,2026-02-11
737,44,39,5,1415.65,2026-01-24,2026-01-24
738,4,28,5,1345.2,2026-06-30,2026-06-30
739,21,4,2,372.24,2026-04-22,2026-04-22
740,53,45,1,106.02,2026-02-18,2026-02-18
741,34,43,5,1096.95,2026-05-19,2026-05-19
742,7,26,3,288.75,2026-01-25,2026-01-25
743,20,4,5,847.0,2026-05-06,2026-05-06
744,38,43,3,33.33,2026-01-23,2026-01-23
745,4,14,5,746.5,2026-01-25,2026-01-25
746,61,8,2,390.16,2026-01-21,2026-01-21
747,63,43,3,712.83,2026-05-01,2026-05-01
748,50,12,3,109.29,2026-05-20,2026-05-20
749,24,29,3,800.37,2026-04-05,2026-04-05
750,34,15,1,86.36,2026-04-30,2026-04-30
751,97,45,3,520.89,2026-02-08,2026-02-08
752,70,27,1,34.86,2026-03-30,2026-03-30
753,50,34,5,379.9,2026-01-16,2026-01-16
754,61,37,4,1160.12,2026-06-25,2026-06-25
755,51,46,2,296.24,2026-01-21,2026-01-21
756,74,44,1,155.61,2026-05-13,2026-05-13
757,23,11,5,263.8,2026-04-25,2026-04-25
758,6,28,2,488.9,2026-02-02,2026-02-02
759,26,41,1,296.6,2026-04-22,2026-04-22
760,41,47,2,503.78,2026-03-08,2026-03-08
761,51,36,1,35.24,2026-05-23,2026-05-23
762,59,1,3,775.26,2026-05-14,2026-05-14
763,15,27,5,902.0,2026-04-18,2026-04-18
764,75,49,2,105.96,2026-05-31,2026-05-31
765,100,7,1,278.23,2026-05-25,2026-05-25
766,53,17,3,784.71,2026-03-30,2026-03-30
767,78,31,4,799.56,2026-05-27,2026-05-27
768,19,40,1,59.94,2026-04-14,2026-04-14
769,5,26,5,1037.2,2026-04-13,2026-04-13
770,96,31,3,630.75,2026-01-13,2026-01-13
771,44,20,3,810.42,2026-01-06,2026-01-06
772,90,44,3,273.9,2026-05-06,2026-05-06
773,18,20,1,292.02,2026-02-28,2026-02-28
774,35,47,4,937.88,2026-03-24,2026-03-24
775,25,29,4,741.76,2026-01-23,2026-01-23
776,95,32,2,549.8,2026-04-15,2026-04-15
777,66,11,5,1307.4,2026-01-15,2026-01-15
778,52,9,1,100.23,2026-05-10,2026-05-10
779,23,13,5,1325.05,2026-01-08,2026-01-08
780,5,30,2,505.44,2026-03-05,2026-03-05
781,26,18,1,276.23,2026-06-30,2026-06-30
782,51,41,3,746.46,2026-05-10,2026-05-10
783,48,32,1,207.54,2026-03-03,2026-03-03
784,76,36,5,696.85,2026-05-02,2026-05-02
785,96,45,3,329.49,2026-03-08,2026-03-08
786,7,11,1,92.67,2026-04-09,2026-04-09
787,29,42,5,1180.75,2026-02-24,2026-02-24
788,84,27,2,413.06,2026-03-10,2026-03-10
789,2,31,5,79.1,2026-06-24,2026-06-24
790,2,15,2,395.48,2026-06-03,2026-06-03
791,92,46,3,559.26,2026-03-20,2026-03-20
792,45,30,3,398.7,2026-04-07,2026-04-07
793,87,34,3,219.84,2026-03-19,2026-03-19
794,1,33,5,625.85,2026-01-27,2026-01-27
795,78,19,3,518.46,2026-06-02,2026-06-02
796,9,22,3,625.44,2026-05-04,2026-05-04
797,34,42,3,587.31,2026-03-12,2026-03-12
798,98,16,3,193.86,2026-05-13,2026-05-13
799,52,43,1,243.57,2026-06-03,2026-06-03
800,84,32,3,622.26,2026-01-07,2026-01-07
801,52,25,3,255.69,2026-04-18,2026-04-18
802,25,22,1,179.08,2026-05-27,2026-05-27
803,61,43,2,418.06,2026-06-13,2026-06-13
804,85,36,3,471.36,2026-02-13,2026-02-13
805,17,48,2,190.4,2026-05-01,2026-05-01
806,98,12,3,660.9,2026-05-24,2026-05-24
807,46,15,3,599.37,2026-02-26,2026-02-26
808,48,17,3,395.82,2026-03-26,2026-03-26
809,61,4,5,476.35,2026-01-31,2026-01-31
810,10,31,5,891.45,2026-06-08,2026-06-08
811,49,34,2,310.28,2026-06-24,2026-06-24
812,18,13,3,389.4,2026-02-08,2026-02-08
813,59,10,3,386.01,2026-05-26,2026-05-26
814,100,6,3,780.27,2026-02-16,2026-02-16
815,41,41,4,425.84,2026-02-15,2026-02-15
816,27,49,1,11.37,2026-03-12,2026-03-12
817,63,49,2,354.24,2026-02-10,2026-02-10
818,82,28,1,47.53,2026-04-22,2026-04-22
819,50,1,4,537.68,2026-05-03,2026-05-03
820,2,21,1,164.8,2026-04-06,2026-04-06
821,1,41,5,326.35,2026-06-23,2026-06-23
822,40,9,2,151.24,2026-03-30,2026-03-30
823,40,11,1,121.23,2026-05-31,2026-05-31
824,38,30,1,248.91,2026-03-18,2026-03-18
825,56,44,5,914.75,2026-03-28,2026-03-28
826,46,49,2,218.78,2026-05-06,2026-05-06
827,3,15,2,115.64,2026-04-14,2026-04-14
828,28,47,2,441.76,2026-02-03,2026-02-03
829,16,24,1,181.01,2026-02-13,2026-02-13
830,33,50,1,118.81,2026-06-13,2026-06-13
831,7,43,5,953.55,2026-06-02,2026-06-02
832,7,45,1,199.53,2026-01-06,2026-01-06
833,16,36,1,130.86,2026-04-08,2026-04-08
834,27,45,3,442.71,2026-02-09,2026-02-09
835,13,43,1,97.32,2026-06-19,2026-06-19
836,90,9,5,441.45,2026-06-05,2026-06-05
837,66,47,4,1003.56,2026-01-27,2026-01-27
838,14,32,5,220.7,2026-01-30,2026-01-30
839,67,13,2,373.22,2026-03-09,2026-03-09
840,21,3,3,642.0,2026-03-17,2026-03-17
841,89,31,5,769.7,2026-02-23,2026-02-23
842,86,6,3,234.03,2026-01-04,2026-01-04
843,64,10,1,252.22,2026-06-21,2026-06-21
844,93,47,1,236.06,2026-01-20,2026-01-20
845,30,30,1,272.39,2026-06-14,2026-06-14
846,13,12,3,259.8,2026-01-13,2026-01-13
847,87,21,1,257.15,2026-04-03,2026-04-03
848,98,3,4,896.72,2026-01-25,2026-01-25
849,83,11,1,257.08,2026-06-19,2026-06-19
850,80,18,3,341.04,2026-04-23,2026-04-23
851,24,8,1,118.06,2026-03-29,2026-03-29
852,35,25,4,504.28,2026-04-27,2026-04-27
853,22,8,4,967.88,2026-06-16,2026-06-16
854,21,7,2,423.78,2026-01-16,2026-01-16
855,73,44,4,1097.04,2026-05-04,2026-05-04
856,100,23,4,250.28,2026-04-08,2026-04-08
857,94,9,5,91.8,2026-06-25,2026-06-25
858,53,29,4,1107.68,2026-01-29,2026-01-29
859,41,1,1,28.37,2026-06-17,2026-06-17
860,93,37,5,1162.9,2026-05-28,2026-05-28
861,44,34,2,587.18,2026-06-21,2026-06-21
862,13,28,5,1047.95,2026-06-08,2026-06-08
863,87,42,2,299.52,2026-06-19,2026-06-19
864,79,4,4,212.44,2026-05-23,2026-05-23
865,65,31,1,196.59,2026-02-10,2026-02-10
866,97,32,4,1048.52,2026-01-20,2026-01-20
867,7,33,3,239.58,2026-03-13,2026-03-13
868,52,16,2,339.28,2026-04-07,2026-04-07
869,58,6,1,143.14,2026-05-27,2026-05-27
870,64,48,4,558.6,2026-01-31,2026-01-31
871,5,36,1,39.77,2026-04-16,2026-04-16
872,78,40,5,50.25,2026-01-24,2026-01-24
873,27,42,3,804.39,2026-05-24,2026-05-24
874,7,15,4,1142.4,2026-04-04,2026-04-04
875,77,31,4,425.08,2026-06-08,2026-06-08
876,13,49,3,652.83,2026-01-30,2026-01-30
877,82,19,2,21.28,2026-04-01,2026-04-01
878,14,3,5,806.9,2026-06-29,2026-06-29
879,14,17,2,305.6,2026-04-15,2026-04-15
880,51,14,5,334.1,2026-01-31,2026-01-31
881,92,22,4,996.48,2026-02-18,2026-02-18
882,82,44,1,229.57,2026-01-12,2026-01-12
883,59,43,5,228.65,2026-04-26,2026-04-26
884,64,1,5,1436.5,2026-02-04,2026-02-04
885,56,38,5,1117.5,2026-05-22,2026-05-22
886,89,38,4,1112.28,2026-02-15,2026-02-15
887,14,25,2,443.68,2026-02-02,2026-02-02
888,65,25,5,928.95,2026-03-24,2026-03-24
889,98,16,4,1176.24,2026-06-27,2026-06-27
890,38,29,3,376.14,2026-03-29,2026-03-29
891,90,48,2,100.14,2026-06-04,2026-06-04
892,71,21,5,483.4,2026-06-29,2026-06-29
893,27,40,5,967.25,2026-02-21,2026-02-21
894,17,46,3,627.36,2026-06-22,2026-06-22
895,82,21,2,312.26,2026-06-27,2026-06-27
896,62,38,1,230.62,2026-05-24,2026-05-24
897,87,48,5,1416.9,2026-04-17,2026-04-17
898,2,34,5,464.6,2026-04-19,2026-04-19
899,7,43,1,17.33,2026-02-07,2026-02-07
900,37,44,1,67.97,2026-02-11,2026-02-11
901,89,19,3,157.38,2026-01-16,2026-01-16
902,46,29,2,457.08,2026-01-09,2026-01-09
903,95,36,1,188.67,2026-06-22,2026-06-22
904,50,16,2,450.6,2026-05-24,2026-05-24
905,37,45,5,1187.25,2026-06-28,2026-06-28
906,54,44,1,278.68,2026-04-10,2026-04-10
907,2,48,3,870.27,2026-01-14,2026-01-14
908,29,41,3,206.7,2026-04-24,2026-04-24
909,95,39,3,686.94,2026-05-20,2026-05-20
910,38,29,2,470.16,2026-02-19,2026-02-19
911,24,12,2,590.4,2026-01-20,2026-01-20
912,55,18,5,223.05,2026-01-11,2026-01-11
913,75,17,5,433.15,2026-02-11,2026-02-11
914,6,10,1,105.86,2026-02-09,2026-02-09
915,79,43,3,549.3,2026-06-10,2026-06-10
916,71,23,3,456.78,2026-05-27,2026-05-27
917,68,15,1,237.37,2026-03-23,2026-03-23
918,21,27,2,321.96,2026-05-10,2026-05-10
919,45,15,5,828.7,2026-01-24,2026-01-24
920,47,19,2,404.74,2026-03-26,2026-03-26
921,68,31,2,571.18,2026-06-08,2026-06-08
922,2,8,5,1244.35,2026-06-16,2026-06-16
923,79,40,3,417.72,2026-06-14,2026-06-14
924,42,25,2,576.16,2026-06-24,2026-06-24
925,93,19,1,121.9,2026-05-19,2026-05-19
926,66,33,1,274.29,2026-04-06,2026-04-06
927,84,13,4,604.68,2026-03-17,2026-03-17
928,22,50,3,477.09,2026-01-25,2026-01-25
929,9,14,5,823.15,2026-06-10,2026-06-10
930,14,14,2,521.68,2026-04-19,2026-04-19
931,83,5,5,1251.7,2026-04-22,2026-04-22
932,5,6,2,33.78,2026-03-26,2026-03-26
933,72,5,1,25.74,2026-03-06,2026-03-06
934,53,25,5,1241.35,2026-03-08,2026-03-08
935,41,2,4,771.04,2026-04-21,2026-04-21
936,1,42,4,821.04,2026-05-17,2026-05-17
937,6,45,5,141.7,2026-05-30,2026-05-30
938,14,19,1,113.73,2026-05-09,2026-05-09
939,98,29,3,557.7,2026-03-14,2026-03-14
940,4,31,4,498.32,2026-06-19,2026-06-19
941,96,26,2,329.42,2026-02-04,2026-02-04
942,19,20,5,477.7,2026-06-12,2026-06-12
943,71,36,3,862.92,2026-01-03,2026-01-03
944,74,39,2,91.48,2026-01-02,2026-01-02
945,40,14,4,663.08,2026-01-22,2026-01-22
946,66,10,3,214.2,2026-06-15,2026-06-15
947,33,13,2,126.72,2026-06-07,2026-06-07
948,7,49,1,62.59,2026-05-26,2026-05-26
949,10,19,5,718.85,2026-05-21,2026-05-21
950,93,38,1,82.7,2026-02-20,2026-02-20
951,17,43,4,1143.8,2026-04-02,2026-04-02
952,9,13,2,78.02,2026-06-08,2026-06-08
953,79,43,3,452.7,2026-03-26,2026-03-26
954,73,37,3,633.3,2026-02-09,2026-02-09
955,22,1,3,732.69,2026-04-20,2026-04-20
956,92,48,3,244.17,2026-02-26,2026-02-26
957,18,44,4,360.96,2026-04-03,2026-04-03
958,58,23,3,793.77,2026-04-29,2026-04-29
959,23,42,3,453.66,2026-01-28,2026-01-28
960,18,35,5,168.85,2026-03-13,2026-03-13
961,10,47,2,172.68,2026-06-10,2026-06-10
962,81,2,1,268.71,2026-05-10,2026-05-10
963,28,3,5,889.4,2026-06-01,2026-06-01
964,61,42,5,427.9,2026-05-19,2026-05-19
965,99,38,2,232.18,2026-02-27,2026-02-27
966,66,6,3,146.49,2026-05-09,2026-05-09
967,85,16,4,462.08,2026-01-03,2026-01-03
968,18,29,5,1042.05,2026-05-12,2026-05-12
969,85,10,2,123.9,2026-05-25,2026-05-25
970,29,49,4,1129.44,2026-01-11,2026-01-11
971,48,15,4,308.84,2026-03-09,2026-03-09
972,47,25,1,203.89,2026-05-13,2026-05-13
973,6,42,4,1104.76,2026-01-12,2026-01-12
974,82,18,3,119.82,2026-05-14,2026-05-14
975,23,25,3,533.4,2026-05-26,2026-05-26
976,10,34,4,463.76,2026-06-17,2026-06-17
977,67,26,3,357.42,2026-02-27,2026-02-27
978,63,31,3,741.0,2026-03-30,2026-03-30
979,57,11,5,59.55,2026-02-05,2026-02-05
980,36,14,2,64.72,2026-06-14,2026-06-14
981,78,46,2,128.4,2026-04-03,2026-04-03
982,43,47,1,201.72,2026-04-17,2026-04-17
983,62,14,1,149.64,2026-05-03,2026-05-03
984,3,16,5,283.8,2026-04-16,2026-04-16
985,21,9,1,47.09,2026-06-01,2026-06-01
986,19,4,5,106.85,2026-05-27,2026-05-27
987,67,26,2,169.8,2026-02-16,2026-02-16
988,3,47,5,1455.4,2026-06-13,2026-06-13
989,58,39,3,854.1,2026-02-25,2026-02-25
990,29,27,4,1046.08,2026-02-13,2026-02-13
991,99,12,5,256.95,2026-05-30,2026-05-30
992,22,47,5,1006.5,2026-03-09,2026-03-09
993,76,5,3,832.44,2026-06-02,2026-06-02
994,14,2,2,239.36,2026-02-03,2026-02-03
995,88,27,2,323.18,2026-05-10,2026-05-10
996,61,40,2,371.2,2026-02-15,2026-02-15
997,65,49,5,106.6,2026-05-17,2026-05-17
998,17,39,1,37.03,2026-06-18,2026-06-18
999,84,28,5,1249.9,2026-06-23,2026-06-23
1000,90,34,5,660.0,2026-01-12,2026-01-12
